{
    "metrics": {
        "http_reqs": {
            "count": 31329,
            "rate": 65.14570822867871
        },
        "data_sent": {
            "count": 5946195,
            "rate": 12364.553115031704
        },
        "http_req_tls_handshaking": {
            "p(95)": 0,
            "avg": 0.5038406747741708,
            "min": 0,
            "med": 0,
            "max": 89.0987,
            "p(90)": 0
        },
        "http_req_duration": {
            "p(90)": 2198.2928200000006,
            "p(95)": 2484.7501999999995,
            "avg": 769.5696733409947,
            "min": 169.0033,
            "med": 276.6167,
            "max": 3337.9586
        },
        "data_received": {
            "count": 19831638,
            "rate": 41238.0255624111
        },
        "vus": {
            "value": 5,
            "min": 1,
            "max": 200
        },
        "vus_max": {
            "value": 200,
            "min": 200,
            "max": 200
        },
        "http_req_waiting": {
            "max": 3337.9586,
            "p(90)": 2197.448,
            "p(95)": 2483.97734,
            "avg": 769.168345267964,
            "min": 169.0033,
            "med": 276.2606
        },
        "iterations": {
            "rate": 65.14570822867871,
            "count": 31329
        },
        "http_req_blocked": {
            "avg": 0.6178866002745059,
            "min": 0,
            "med": 0,
            "max": 215.1715,
            "p(90)": 0,
            "p(95)": 0
        },
        "http_req_failed": {
            "fails": 31329,
            "passes": 0,
            "value": 0
        },
        "http_req_connecting": {
            "min": 0,
            "med": 0,
            "max": 19.2064,
            "p(90)": 0,
            "p(95)": 0,
            "avg": 0.10566010405694397
        },
        "latency_over_time": {
            "p(90)": 2198.2928200000006,
            "p(95)": 2484.7501999999995,
            "avg": 769.5696733409947,
            "min": 169.0033,
            "med": 276.6167,
            "max": 3337.9586
        },
        "http_req_receiving": {
            "avg": 0.2966339302243947,
            "min": 0,
            "med": 0,
            "max": 84.6749,
            "p(90)": 0.9765400000000002,
            "p(95)": 1.5075
        },
        "checks": {
            "passes": 31329,
            "fails": 0,
            "value": 1
        },
        "http_req_sending": {
            "max": 2.1894,
            "p(90)": 0.3854200000000001,
            "p(95)": 0.4748,
            "avg": 0.1046941428069837,
            "min": 0,
            "med": 0
        },
        "iteration_duration": {
            "avg": 1770.6787540968435,
            "min": 1169.3813,
            "med": 1281.7825,
            "max": 4338.3397,
            "p(90)": 3199.11832,
            "p(95)": 3485.31708
        },
        "http_req_duration{expected_response:true}": {
            "avg": 769.5696733409947,
            "min": 169.0033,
            "med": 276.6167,
            "max": 3337.9586,
            "p(90)": 2198.2928200000006,
            "p(95)": 2484.7501999999995
        }
    },
    "root_group": {
        "groups": {},
        "checks": {
                "status 200": {
                    "name": "status 200",
                    "path": "::status 200",
                    "id": "fad9fa412b86fcb03bee97c80dcd61f1",
                    "passes": 31329,
                    "fails": 0
                }
            },
        "name": "",
        "path": "",
        "id": "d41d8cd98f00b204e9800998ecf8427e"
    }
}