{
    "root_group": {
        "groups": {},
        "checks": {
                "status 200": {
                    "path": "::status 200",
                    "id": "fad9fa412b86fcb03bee97c80dcd61f1",
                    "passes": 21096,
                    "fails": 0,
                    "name": "status 200"
                }
            },
        "name": "",
        "path": "",
        "id": "d41d8cd98f00b204e9800998ecf8427e"
    },
    "metrics": {
        "http_req_waiting": {
            "min": 174.77415,
            "med": 599.9261624999999,
            "max": 6594.82383,
            "p(90)": 1386.9176284999999,
            "p(95)": 1696.1591347499998,
            "avg": 690.2958513574173
        },
        "http_req_receiving": {
            "med": 0.13446550000000002,
            "max": 184.190205,
            "p(90)": 0.7533704999999999,
            "p(95)": 1.29997275,
            "avg": 0.9094727878270762,
            "min": 0.008202
        },
        "checks": {
            "passes": 21096,
            "fails": 0,
            "value": 1
        },
        "vus": {
            "min": 1,
            "max": 199,
            "value": 1
        },
        "iteration_duration": {
            "min": 1175.469066,
            "med": 1600.9776980000001,
            "max": 7595.851008,
            "p(90)": 2388.727729,
            "p(95)": 2696.990195,
            "avg": 1692.7912731530166
        },
        "http_req_duration{expected_response:true}": {
            "avg": 691.2578131784684,
            "min": 174.970956,
            "med": 600.377099,
            "max": 6595.43322,
            "p(90)": 1387.517914,
            "p(95)": 1696.4204985
        },
        "http_req_blocked": {
            "min": 0.000071,
            "med": 0.000231,
            "max": 175.786668,
            "p(90)": 0.000386,
            "p(95)": 0.00053725,
            "avg": 0.9016225160219861
        },
        "data_sent": {
            "count": 4120068,
            "rate": 9784.827952694464
        },
        "latency_over_time": {
            "avg": 691.2578131784684,
            "min": 174.970956,
            "med": 600.377099,
            "max": 6595.43322,
            "p(90)": 1387.517914,
            "p(95)": 1696.4204985
        },
        "vus_max": {
            "value": 200,
            "min": 200,
            "max": 200
        },
        "data_received": {
            "count": 13889377,
            "rate": 32986.14593621066
        },
        "http_req_connecting": {
            "max": 23.92333,
            "p(90)": 0,
            "p(95)": 0,
            "avg": 0.16270858432878268,
            "min": 0,
            "med": 0
        },
        "http_reqs": {
            "rate": 50.101292136450766,
            "count": 21096
        },
        "http_req_tls_handshaking": {
            "avg": 0.7301826756257109,
            "min": 0,
            "med": 0,
            "max": 93.54657,
            "p(90)": 0,
            "p(95)": 0
        },
        "http_req_sending": {
            "avg": 0.05248903322904836,
            "min": 0.009771,
            "med": 0.047386,
            "max": 3.202757,
            "p(90)": 0.0856725,
            "p(95)": 0.10315125
        },
        "iterations": {
            "count": 21096,
            "rate": 50.101292136450766
        },
        "http_req_duration": {
            "avg": 691.2578131784684,
            "min": 174.970956,
            "med": 600.377099,
            "max": 6595.43322,
            "p(90)": 1387.517914,
            "p(95)": 1696.4204985
        },
        "http_req_failed": {
            "fails": 21096,
            "passes": 0,
            "value": 0
        }
    }
}