{
    "root_group": {
        "path": "",
        "id": "d41d8cd98f00b204e9800998ecf8427e",
        "groups": {},
        "checks": {
                "status 200": {
                    "name": "status 200",
                    "path": "::status 200",
                    "id": "fad9fa412b86fcb03bee97c80dcd61f1",
                    "passes": 26231,
                    "fails": 0
                }
            },
        "name": ""
    },
    "metrics": {
        "latency_over_time": {
            "med": 262.461644,
            "max": 3194.876068,
            "p(90)": 615.003084,
            "p(95)": 810.174904,
            "avg": 358.1736517492258,
            "min": 181.788374
        },
        "iterations": {
            "count": 26231,
            "rate": 62.340838442918205
        },
        "http_reqs": {
            "count": 26231,
            "rate": 62.340838442918205
        },
        "checks": {
            "passes": 26231,
            "fails": 0,
            "value": 1
        },
        "data_received": {
            "rate": 40321.15642188748,
            "count": 16965833
        },
        "vus_max": {
            "value": 200,
            "min": 200,
            "max": 200
        },
        "http_req_blocked": {
            "avg": 0.744063985551447,
            "min": 0.00007,
            "med": 0.000909,
            "max": 247.089357,
            "p(90)": 0.001288,
            "p(95)": 0.001403
        },
        "http_req_duration": {
            "med": 262.461644,
            "max": 3194.876068,
            "p(90)": 615.003084,
            "p(95)": 810.174904,
            "avg": 358.1736517492258,
            "min": 181.788374
        },
        "http_req_sending": {
            "min": 0.009013,
            "med": 0.105146,
            "max": 3.707655,
            "p(90)": 0.181974,
            "p(95)": 0.202153,
            "avg": 0.1083386002821095
        },
        "http_req_failed": {
            "passes": 0,
            "fails": 26231,
            "value": 0
        },
        "data_sent": {
            "count": 5035351,
            "rate": 11967.061995135018
        },
        "http_req_duration{expected_response:true}": {
            "avg": 358.1736517492258,
            "min": 181.788374,
            "med": 262.461644,
            "max": 3194.876068,
            "p(90)": 615.003084,
            "p(95)": 810.174904
        },
        "http_req_connecting": {
            "avg": 0.1334798598985933,
            "min": 0,
            "med": 0,
            "max": 28.634457,
            "p(90)": 0,
            "p(95)": 0
        },
        "http_req_receiving": {
            "med": 0.236212,
            "max": 210.561711,
            "p(90)": 1.008594,
            "p(95)": 1.5151374999999998,
            "avg": 0.5759425355114153,
            "min": 0.011368
        },
        "vus": {
            "value": 4,
            "min": 1,
            "max": 199
        },
        "http_req_waiting": {
            "min": 181.031158,
            "med": 261.761334,
            "max": 3194.580087,
            "p(90)": 614.560657,
            "p(95)": 809.4069509999999,
            "avg": 357.4893706134338
        },
        "http_req_tls_handshaking": {
            "med": 0,
            "max": 94.586977,
            "p(90)": 0,
            "p(95)": 0,
            "avg": 0.5998536223552282,
            "min": 0
        },
        "iteration_duration": {
            "avg": 1359.7011445975038,
            "min": 1182.870398,
            "med": 1265.311338,
            "max": 4196.102834,
            "p(90)": 1616.26198,
            "p(95)": 1811.2155005
        }
    }
}