{
    "root_group": {
        "name": "",
        "path": "",
        "id": "d41d8cd98f00b204e9800998ecf8427e",
        "groups": {},
        "checks": {
                "status 200": {
                    "name": "status 200",
                    "path": "::status 200",
                    "id": "fad9fa412b86fcb03bee97c80dcd61f1",
                    "passes": 21265,
                    "fails": 0
                }
            }
    },
    "metrics": {
        "http_req_receiving": {
            "p(95)": 1.2898231999999996,
            "avg": 0.4160015436632973,
            "min": 0.014178,
            "med": 0.240366,
            "max": 27.728542,
            "p(90)": 0.8614248000000003
        },
        "vus_max": {
            "value": 200,
            "min": 200,
            "max": 200
        },
        "http_req_duration": {
            "min": 176.049347,
            "med": 222.507725,
            "max": 4154.809897,
            "p(90)": 1904.3285132000003,
            "p(95)": 2501.141782199999,
            "avg": 686.2139213130978
        },
        "http_req_duration{expected_response:true}": {
            "avg": 686.2139213130978,
            "min": 176.049347,
            "med": 222.507725,
            "max": 4154.809897,
            "p(90)": 1904.3285132000003,
            "p(95)": 2501.141782199999
        },
        "http_req_waiting": {
            "med": 221.983282,
            "max": 4154.541701,
            "p(90)": 1903.4356158,
            "p(95)": 2500.7931677999986,
            "avg": 685.6788641146462,
            "min": 175.103872
        },
        "data_received": {
            "count": 14080571,
            "rate": 33430.20707746425
        },
        "http_req_blocked": {
            "avg": 0.915479706183872,
            "min": 0.000089,
            "med": 0.001016,
            "max": 224.908328,
            "p(90)": 0.001261,
            "p(95)": 0.001392
        },
        "http_req_sending": {
            "med": 0.124469,
            "max": 1.962268,
            "p(90)": 0.18370820000000002,
            "p(95)": 0.20040039999999998,
            "avg": 0.11905565478485777,
            "min": 0.010802
        },
        "http_req_failed": {
            "passes": 0,
            "fails": 21265,
            "value": 0
        },
        "vus": {
            "value": 3,
            "min": 1,
            "max": 199
        },
        "latency_over_time": {
            "p(95)": 2501.141782199999,
            "avg": 686.2139213130978,
            "min": 176.049347,
            "med": 222.507725,
            "max": 4154.809897,
            "p(90)": 1904.3285132000003
        },
        "iterations": {
            "rate": 50.487537295346705,
            "count": 21265
        },
        "data_sent": {
            "count": 4152765,
            "rate": 9859.528700508368
        },
        "http_req_connecting": {
            "p(95)": 0,
            "avg": 0.164023096214437,
            "min": 0,
            "med": 0,
            "max": 27.174035,
            "p(90)": 0
        },
        "checks": {
            "passes": 21265,
            "fails": 0,
            "value": 1
        },
        "iteration_duration": {
            "p(90)": 2905.9990524,
            "p(95)": 3503.2427241999994,
            "avg": 1687.9762100699627,
            "min": 1176.275557,
            "med": 1224.915891,
            "max": 5159.718071
        },
        "http_reqs": {
            "count": 21265,
            "rate": 50.487537295346705
        },
        "http_req_tls_handshaking": {
            "p(90)": 0,
            "p(95)": 0,
            "avg": 0.7390781660474958,
            "min": 0,
            "med": 0,
            "max": 87.129084
        }
    }
}