{
    "root_group": {
        "path": "",
        "id": "d41d8cd98f00b204e9800998ecf8427e",
        "groups": {},
        "checks": {
                "status 200": {
                    "id": "fad9fa412b86fcb03bee97c80dcd61f1",
                    "passes": 27912,
                    "fails": 0,
                    "name": "status 200",
                    "path": "::status 200"
                }
            },
        "name": ""
    },
    "metrics": {
        "iteration_duration": {
            "avg": 1277.5292868873628,
            "min": 1177.0111,
            "med": 1211.08705,
            "max": 3957.1652,
            "p(90)": 1486.24023,
            "p(95)": 1611.2475299999996
        },
        "vus": {
            "value": 5,
            "min": 1,
            "max": 199
        },
        "http_req_failed": {
            "passes": 0,
            "fails": 27912,
            "value": 0
        },
        "http_req_receiving": {
            "min": 0,
            "med": 0,
            "max": 211.7009,
            "p(90)": 1.0677900000000002,
            "p(95)": 1.5275349999999992,
            "avg": 0.39643666165090224
        },
        "latency_over_time": {
            "p(90)": 485.5426100000001,
            "p(95)": 609.5460199999997,
            "avg": 276.310394769276,
            "min": 176.5203,
            "med": 210.23745,
            "max": 2956.8424
        },
        "http_req_duration": {
            "med": 210.23745,
            "max": 2956.8424,
            "p(90)": 485.5426100000001,
            "p(95)": 609.5460199999997,
            "avg": 276.310394769276,
            "min": 176.5203
        },
        "http_req_waiting": {
            "med": 209.85965,
            "max": 2956.8424,
            "p(90)": 485.07263,
            "p(95)": 609.4295399999997,
            "avg": 275.820158996132,
            "min": 175.4145
        },
        "http_reqs": {
            "rate": 66.38722504882057,
            "count": 27912
        },
        "http_req_sending": {
            "max": 2.0085,
            "p(90)": 0.3792900000000002,
            "p(95)": 0.4595449999999997,
            "avg": 0.09379911149326496,
            "min": 0,
            "med": 0
        },
        "data_received": {
            "count": 17917847,
            "rate": 42616.65739392857
        },
        "vus_max": {
            "max": 200,
            "value": 200,
            "min": 200
        },
        "http_req_duration{expected_response:true}": {
            "max": 2956.8424,
            "p(90)": 485.5426100000001,
            "p(95)": 609.5460199999997,
            "avg": 276.310394769276,
            "min": 176.5203,
            "med": 210.23745
        },
        "checks": {
            "passes": 27912,
            "fails": 0,
            "value": 1
        },
        "data_sent": {
            "count": 5336296,
            "rate": 12692.09958007742
        },
        "http_req_blocked": {
            "med": 0,
            "max": 215.4989,
            "p(90)": 0,
            "p(95)": 0,
            "avg": 0.7134703783319006,
            "min": 0
        },
        "http_req_connecting": {
            "min": 0,
            "med": 0,
            "max": 39.4341,
            "p(90)": 0,
            "p(95)": 0,
            "avg": 0.13400676053310406
        },
        "iterations": {
            "count": 27912,
            "rate": 66.38722504882057
        },
        "http_req_tls_handshaking": {
            "avg": 0.5699393092576667,
            "min": 0,
            "med": 0,
            "max": 100.9932,
            "p(90)": 0,
            "p(95)": 0
        }
    }
}