{
    "root_group": {
        "path": "",
        "id": "d41d8cd98f00b204e9800998ecf8427e",
        "groups": {},
        "checks": {
                "status 200": {
                    "id": "fad9fa412b86fcb03bee97c80dcd61f1",
                    "passes": 27175,
                    "fails": 568,
                    "name": "status 200",
                    "path": "::status 200"
                }
            },
        "name": ""
    },
    "metrics": {
        "http_req_waiting": {
            "min": 33.521767,
            "med": 55.632802,
            "max": 229.160882,
            "p(90)": 75.94964,
            "p(95)": 79.3033619,
            "avg": 58.6666913921712
        },
        "http_req_receiving": {
            "avg": 0.3108549201239952,
            "min": 0.010181,
            "med": 0.214047,
            "max": 13.358438,
            "p(90)": 0.5718893999999999,
            "p(95)": 0.8617842999999998
        },
        "http_req_duration{expected_response:true}": {
            "med": 56.163208,
            "max": 229.359214,
            "p(90)": 76.54771400000001,
            "p(95)": 79.8721802,
            "avg": 59.47966573103951,
            "min": 40.624441
        },
        "vus_max": {
            "value": 100,
            "min": 100,
            "max": 100
        },
        "iterations": {
            "count": 27743,
            "rate": 65.99413675761124
        },
        "http_req_blocked": {
            "avg": 0.3503862632015218,
            "min": 0.000074,
            "med": 0.000937,
            "max": 232.253001,
            "p(90)": 0.001215,
            "p(95)": 0.001352
        },
        "http_req_sending": {
            "max": 1.930042,
            "p(90)": 0.165789,
            "p(95)": 0.18177119999999994,
            "avg": 0.10365059550156845,
            "min": 0.009701,
            "med": 0.108128
        },
        "latency_over_time": {
            "p(90)": 76.4097006,
            "p(95)": 79.79316659999999,
            "avg": 59.08119690779653,
            "min": 33.735328,
            "med": 56.046966,
            "max": 229.359214
        },
        "iteration_duration": {
            "min": 1034.382982,
            "med": 1056.856369,
            "max": 1314.857532,
            "p(90)": 1077.410181,
            "p(95)": 1080.9217414,
            "avg": 1060.2340098500877
        },
        "vus": {
            "value": 3,
            "min": 2,
            "max": 100
        },
        "http_req_failed": {
            "passes": 568,
            "fails": 27175,
            "value": 0.020473632988501606
        },
        "checks": {
            "passes": 27175,
            "fails": 568,
            "value": 0.9795263670114984
        },
        "http_req_connecting": {
            "avg": 0.06314506978336878,
            "min": 0,
            "med": 0,
            "max": 19.931176,
            "p(90)": 0,
            "p(95)": 0
        },
        "http_req_tls_handshaking": {
            "min": 0,
            "med": 0,
            "max": 84.407701,
            "p(90)": 0,
            "p(95)": 0,
            "avg": 0.2809771986807482
        },
        "http_reqs": {
            "count": 27743,
            "rate": 65.99413675761124
        },
        "http_req_duration": {
            "p(90)": 76.4097006,
            "p(95)": 79.79316659999999,
            "avg": 59.08119690779653,
            "min": 33.735328,
            "med": 56.046966,
            "max": 229.359214
        },
        "data_received": {
            "count": 16935648,
            "rate": 40285.962952484064
        },
        "data_sent": {
            "count": 5032631,
            "rate": 11971.457249201378
        }
    }
}