{
    "metrics": {
        "data_received": {
            "count": 683930,
            "rate": 21974.269827429
        },
        "http_req_failed": {
            "passes": 0,
            "fails": 748,
            "value": 0
        },
        "http_req_connecting": {
            "med": 0,
            "max": 25.3483,
            "p(90)": 0,
            "p(95)": 0,
            "avg": 0.7839606951871656,
            "min": 0
        },
        "http_req_receiving": {
            "max": 8.529,
            "p(90)": 1.304740000000001,
            "p(95)": 1.5965349999999996,
            "avg": 0.43694291443850247,
            "min": 0,
            "med": 0
        },
        "iteration_duration": {
            "p(90)": 1277.90907,
            "p(95)": 1379.717335,
            "avg": 1233.0582393048135,
            "min": 1181.2958,
            "med": 1202.8595500000001,
            "max": 2028.0643
        },
        "http_reqs": {
            "rate": 24.032801355280355,
            "count": 748
        },
        "http_req_waiting": {
            "p(95)": 313.8760999999997,
            "avg": 222.0095594919786,
            "min": 180.7593,
            "med": 201.96885,
            "max": 1027.8907,
            "p(90)": 259.34697000000006
        },
        "http_req_duration": {
            "avg": 222.5856978609626,
            "min": 180.7593,
            "med": 202.337,
            "max": 1027.8907,
            "p(90)": 259.62890000000004,
            "p(95)": 314.3635899999997
        },
        "http_req_tls_handshaking": {
            "p(90)": 0,
            "p(95)": 0,
            "avg": 9.153994117647061,
            "min": 0,
            "med": 0,
            "max": 423.7649
        },
        "vus_max": {
            "min": 30,
            "max": 30,
            "value": 30
        },
        "http_req_duration{expected_response:true}": {
            "min": 180.7593,
            "med": 202.337,
            "max": 1027.8907,
            "p(90)": 259.62890000000004,
            "p(95)": 314.3635899999997,
            "avg": 222.5856978609626
        },
        "checks": {
            "passes": 748,
            "fails": 0,
            "value": 1
        },
        "http_req_sending": {
            "avg": 0.13919545454545457,
            "min": 0,
            "med": 0,
            "max": 1.3321,
            "p(90)": 0.5117,
            "p(95)": 0.517925
        },
        "iterations": {
            "count": 748,
            "rate": 24.032801355280355
        },
        "http_req_blocked": {
            "avg": 9.971177272727273,
            "min": 0,
            "med": 0,
            "max": 445.2227,
            "p(90)": 0,
            "p(95)": 0
        },
        "vus": {
            "value": 11,
            "min": 11,
            "max": 30
        },
        "data_sent": {
            "count": 187406,
            "rate": 6021.244880732179
        }
    },
    "root_group": {
        "name": "",
        "path": "",
        "id": "d41d8cd98f00b204e9800998ecf8427e",
        "groups": {},
        "checks": {
                "status 200": {
                    "name": "status 200",
                    "path": "::status 200",
                    "id": "fad9fa412b86fcb03bee97c80dcd61f1",
                    "passes": 748,
                    "fails": 0
                }
            }
    }
}