{
    "root_group": {
        "name": "",
        "path": "",
        "id": "d41d8cd98f00b204e9800998ecf8427e",
        "groups": {},
        "checks": {
                "status 200": {
                    "fails": 0,
                    "name": "status 200",
                    "path": "::status 200",
                    "id": "fad9fa412b86fcb03bee97c80dcd61f1",
                    "passes": 1257
                }
            }
    },
    "metrics": {
        "http_req_blocked": {
            "avg": 1.7237253778838508,
            "min": 0,
            "med": 0,
            "max": 275.1592,
            "p(90)": 0,
            "p(95)": 0
        },
        "latency_over_time": {
            "min": 189.3956,
            "med": 216.6991,
            "max": 307.3296,
            "p(90)": 229.77596,
            "p(95)": 234.83674,
            "avg": 218.04537979315808
        },
        "vus": {
            "value": 1,
            "min": 1,
            "max": 20
        },
        "iteration_duration": {
            "avg": 1220.3275198886233,
            "min": 1190.5069,
            "med": 1217.3121,
            "max": 1528.0646,
            "p(90)": 1231.04512,
            "p(95)": 1237.61946
        },
        "http_reqs": {
            "count": 1257,
            "rate": 10.3797184232595
        },
        "http_req_tls_handshaking": {
            "max": 86.6943,
            "p(90)": 0,
            "p(95)": 0,
            "avg": 1.2813002386634844,
            "min": 0,
            "med": 0
        },
        "data_sent": {
            "count": 259518,
            "rate": 2142.9783339438814
        },
        "http_req_sending": {
            "p(90)": 0.5189200000000002,
            "p(95)": 0.57628,
            "avg": 0.24952346857597502,
            "min": 0,
            "med": 0.3203,
            "max": 2.0913
        },
        "data_received": {
            "count": 901557,
            "rate": 7444.636278853274
        },
        "http_req_connecting": {
            "p(95)": 0,
            "avg": 0.29514327764518694,
            "min": 0,
            "med": 0,
            "max": 20.9701,
            "p(90)": 0
        },
        "http_req_duration{expected_response:true}": {
            "med": 216.6991,
            "max": 307.3296,
            "p(90)": 229.77596,
            "p(95)": 234.83674,
            "avg": 218.04537979315808,
            "min": 189.3956
        },
        "http_req_failed": {
            "passes": 0,
            "fails": 1257,
            "value": 0
        },
        "http_req_duration": {
            "med": 216.6991,
            "max": 307.3296,
            "p(90)": 229.77596,
            "p(95)": 234.83674,
            "avg": 218.04537979315808,
            "min": 189.3956
        },
        "http_req_receiving": {
            "avg": 0.4762762132060468,
            "min": 0,
            "med": 0,
            "max": 16.5762,
            "p(90)": 1.2799800000000003,
            "p(95)": 1.8613600000000001
        },
        "vus_max": {
            "min": 20,
            "max": 20,
            "value": 20
        },
        "iterations": {
            "count": 1257,
            "rate": 10.3797184232595
        },
        "http_req_waiting": {
            "avg": 217.3195801113762,
            "min": 189.0059,
            "med": 215.8995,
            "max": 304.7581,
            "p(90)": 229.03536,
            "p(95)": 233.92136
        },
        "checks": {
            "passes": 1257,
            "fails": 0,
            "value": 1
        }
    }
}